dim,nbs,mdist,cls_size,silhuette_score
2.0,15.0,0.1,15.0,0.39932742714881897
2.0,15.0,0.1,20.0,0.3709319531917572
2.0,15.0,0.2,15.0,0.3523483872413635
2.0,15.0,0.2,20.0,0.34778836369514465
2.0,30.0,0.1,15.0,0.3632379472255707
2.0,30.0,0.1,20.0,0.3448699116706848
2.0,30.0,0.2,15.0,0.32940536737442017
2.0,30.0,0.2,20.0,0.31710588932037354
